{"dt": 0.001, "tau_m": 0.02, "tau_s": 0.002, "tau_ro": 0.01, "tau_star": 0.02, "tau_W": 0.2, "dv": 0.002, "Vo": -4, "h": -1, "s_inh": 20, "N": 500, "Ni": 100, "Ne": 400, "T": 1000, "I": 5, "O": 3, "shape": [500, 5, 3, 1000], "sigma_Jrec": 0.0, "sigma_wrec": 0.0, "sigma_Jout": 0.1, "n_contexts": 1, "alpha": 0.005, "alpha_rout": 0.01, "sigma_in": 12.0, "sigma_targ": 50, "sigma_basal_context": 0, "sigma_apical_context": 0, "frac_zero_targ": 0.75, "frac_zero_cont": 0.75, "t_sw": 500, "run_number": 1, "training_specs": [[100, 10.0, 0.02], [200, 5.0, 0.01], [200, 2.5, 0.005], [100, 1.25, 0.0025], [100, 0.625, 0.00125]], "target": "random", "exec_time": "2022-01-24 14:38:41.598891"}